{
  "auc": 0.4626390179061735,
  "f1": 0.0,
  "accuracy": 0.7262626262626263,
  "feature_names": [
    "tenure",
    "monthly_charges",
    "total_charges",
    "paperless_billing",
    "monthly_avg_gb",
    "num_complaints",
    "num_calls_to_care",
    "has_internet",
    "has_streaming_tv",
    "has_streaming_movies",
    "arpu",
    "monthly_arpu",
    "arpu_growth",
    "avg_monthly_gb",
    "support_interaction_rate",
    "complaint_rate",
    "is_monthly_contract",
    "has_electronic_check",
    "contract_type_Month-to-month",
    "contract_type_One year",
    "contract_type_Two year",
    "payment_method_Bank transfer",
    "payment_method_Credit card",
    "payment_method_Electronic check",
    "payment_method_Mailed check"
  ],
  "feature_importances": {
    "tenure": 0.07576091688080944,
    "monthly_charges": 0.10889470908747584,
    "total_charges": 0.10600471665279891,
    "paperless_billing": 0.01540215930876128,
    "monthly_avg_gb": 0.08396947841277785,
    "num_complaints": 0.01990930359847275,
    "num_calls_to_care": 0.03487878197054082,
    "has_internet": 0.010684274548044293,
    "has_streaming_tv": 0.012351120484777522,
    "has_streaming_movies": 0.01538486823046762,
    "arpu": 0.10293431364584381,
    "monthly_arpu": 0.10876447924882252,
    "arpu_growth": 0.0,
    "avg_monthly_gb": 0.08417885185770797,
    "support_interaction_rate": 0.08284369291039553,
    "complaint_rate": 0.0523038434401557,
    "is_monthly_contract": 0.008472821824334804,
    "has_electronic_check": 0.009554654765039621,
    "contract_type_Month-to-month": 0.009444904525062593,
    "contract_type_One year": 0.011539534771291993,
    "contract_type_Two year": 0.008992457087905468,
    "payment_method_Bank transfer": 0.011627373532944013,
    "payment_method_Credit card": 0.009152144819835365,
    "payment_method_Electronic check": 0.007901079163453045,
    "payment_method_Mailed check": 0.009049519232281245
  }
}